Timestamp,Mileage,Octane,Ethanol %,Station,Cost,Amount of fuel,Notes
2022/01/12 12:41:56 PM CST,235.9,87,10,Sams Ames,39.49,13.911,
2022/01/24 8:51:59 AM CST,249,87,10,Swift stop ames,48.65,14.74,
2022/01/24 1:11:20 PM CST,194.3,87,10,Kum and Go,29.92,9.071,
2022/01/28 4:09:31 PM CST,271.6,87,10,"BP Grimes, IA",54.34,17.092,
2022/02/01 7:53:20 AM CST,323.8,87,10,Kum & Go Ames IA,53.69,16.274,
2022/02/08 8:00:21 AM CST,263.4,87,10,Kum & Go Ames IA,50.99,15.456,
2022/02/15 11:36:02 AM CST,295.4,87,10,Kum and go Ames,52.49,15.912,
2022/02/24 8:49:56 AM CST,265.3,87,10,Swift Stop Ames IA,56.09,17.001,
2022/03/10 6:27:46 PM CST,286.7,87,10,Phillips 66 Ames Ia,67.57,17.33,
2022/03/13 10:41:30 AM CST,325,87,0,Holiday Owatonna MN,69.87,17.648,
2022/03/14 7:17:51 AM CST,216.6,87,10,BP Duluth MN,38.86,9.966,
2022/03/17 2:20:23 PM CST,235.9,87,0,Holiday Owatonna MN,45.77,11.679,
2022/03/18 10:37:28 AM CST,153.2,87,10,Sams Club Ames IA,23.52,6.393,
2022/03/26 9:25:51 AM CST,155.7,87,10,Sams Club Ames Ia,34.2,9.147,
2022/04/09 9:00:30 AM CDT,299.3,87,10,Sams Club Ames IA,61.94,16.745,
2022/04/25 11:06:58 AM CDT,288.8,87,10,Hy-Vee Lincoln way ames,63.4,17.002,
2022/05/05 2:44:24 PM CDT,290.1,87,10,Casey’s north ames,64.27,16.071,
2022/05/16 6:11:25 PM CDT,282.1,87,10,Hy-Vee grand Ave ames,70.46,16.781,
2022/05/25 6:20:40 PM CDT,258.7,87,10,Sam’s Ames,57.37,14.347,
2022/06/05 4:17:54 PM CDT,319.2,87,0,SwiftStop Ames IA,83.49,16.87,
2022/06/18 9:33:16 AM CDT,352,87,10,Sam’s ames,39.51,8.591,Didn’t record last gas fill
2022/06/28 11:14:07 AM CDT,310.5,87,10,Kum and go west ames,84.47,17.602,
2022/06/30 5:54:50 PM CDT,358.3,87,10,Casey’s Avon MN,76.98,16.558,
2022/07/05 2:46:45 PM CDT,279,87,10,Cenex Detroit Lakes MN,66.71,13.901,
2022/07/06 11:18:51 AM CDT,188.6,87,0,Cenex summit SD,45.94,8.836,
2022/07/06 1:09:42 PM CDT,291.3,87,0,Cenex Redfield SD,22.27,4.284,Subtract previous mileage -2
2022/07/06 7:47:01 PM CDT,284.7,89,10,Sinclair rapid city SD,68.36,13.785,
2022/07/07 9:24:38 PM CDT,234.9,87,10,Sinclair Wright WY,57.68,11.539,
2022/07/08 12:22:03 PM CDT,217.5,87,10,Sinclair Rawlins WY,53.56,10.714,
2022/07/08 4:26:34 PM CDT,281.5,88,10,Smiths Salt Lake City UT,83.28,15.283,
2022/07/08 6:51:40 PM CDT,142.4,88,10,Chevron Fillmore UT,34.88,6.582,
2022/07/13 10:32:21 AM CDT,201.1,85,10,Exxon Kanab UT,51.9,10.382,
2022/07/16 11:06:46 AM CDT,356.5,85,10,Exxon Kanab UT,73.28,14.778,
2022/07/17 12:46:31 PM CDT,248.7,87,0,Chevron,67.27,12.695,
2022/07/18 1:29:52 PM CDT,154.2,85,0,Chevron St. George UT,41.58,8.155,
2022/07/18 3:36:08 PM CDT,160.5,85,10,Chevron Fillmore UT,44.72,8.947,
2022/07/18 6:38:03 PM CDT,174,85,10,Maverik Ogden UT,41.85,8.208,
2022/07/19 2:12:55 PM CDT,288.5,85,0,Chevron West Yellowstone MT,82.2,15.513,
2022/07/24 8:05:03 AM CDT,248.2,87,10,Canyon Village Yellowstone NP,56.85,11.372,
2022/07/24 8:05:56 AM CDT,213.8,87,10,Cenex Livingston MT,44.9,9.764,
2022/07/24 10:09:19 AM CDT,162.7,87,0,Conoco Hardin MT,36.56,8.036,
2022/07/24 12:01:09 PM CDT,121.8,87,10,Conoco Broadus MT,32.73,7.009,
2022/07/24 3:55:13 PM CDT,242.1,87,0,Conoco Kodaka SD,64.4,14.095,
2022/07/24 7:15:52 PM CDT,253,87,0,BP Sioux Falls SD,70.43,14.377,
2022/07/24 9:28:32 PM CDT,149.9,87,10,Casey’s Early IA,34.59,7.917,
2022/07/30 2:24:27 PM CDT,219.7,87,0,Phillips 66 Ames IA,59.53,12.535,
2022/07/30 7:51:22 PM CDT,345.1,87,10,Kwik Trip Carleton MN,74.63,18.662,
2022/08/05 8:17:51 PM CDT,338.1,87,0,ICO Duluth MN,64.64,15.77,
2022/08/07 11:37:58 AM CDT,364.9,87,0,Speedway Hasty MN,67.59,16.944,
2022/08/07 6:21:20 PM CDT,247,87,10,FlyingJ Williams IA,37.8,10.802,
2022/08/11 2:19:02 PM CDT,315.3,87,0,Speedway in MN,59.82,14.059,
2022/08/22 10:00:36 AM CDT,297.4,87,10,Hy-Vee downtown Ames,57.37,15.985,
2022/09/01 8:30:18 AM CDT,291.4,87,10,HyVee west ames,52.55,17.639,
2022/09/02 9:36:29 AM CDT,321.3,87,10,Mobil DeKalb IL,57.02,14.623,
2022/09/04 1:27:55 PM CDT,134,87,10,Mobil DeKalb IL,21.56,5.543,
2022/09/06 8:28:30 AM CDT,303.9,87,10,Sam’s Ames,43.18,13.67,
2022/09/12 8:36:42 AM CDT,259.8,87,10,Sam’s ames,44.02,14.205,
2022/09/16 9:12:59 AM CDT,182.1,87,10,Sam’s ames,29.41,9.341,
2022/09/23 9:00:17 AM CDT,180.6,87,10,Sam’s Ames,36.91,11.221,
2022/10/03 8:28:17 AM CDT,231,87,10,HyVee West Ames,54.13,14.835,
2022/10/10 10:21:35 AM CDT,253.8,87,10,Kum and go 13th street,52.71,13.52,
2022/10/15 10:05:43 AM CDT,228.7,87,10,HyVee ames,50.75,13.015,
2022/10/23 12:49:30 PM CDT,299.9,87,10,HyVee Ames,47.7,16.86,
2022/11/03 1:38:17 PM CST,273.5,87,10,HyVee Ames,57.93,17.403,
2022/11/16 8:49:15 AM CST,267.5,87,10,West Hyvee Ames ,59.52,17.257,
2022/11/26 3:26:35 PM CST,273.9,87,0,"Shell Eagan, MN",50.93,14.557,
2022/11/30 5:00:01 PM CST,344,87,10,Hy-Vee west ames,45.79,17.353,
2022/12/09 9:24:58 AM CST,288.2,87,10,Hy-Vee ames,49.1,17.541,
2022/12/18 2:47:32 PM CST,306.3,87,10,Phillips 66 North Ames,51.09,17.092,
2023/01/04 1:18:12 PM CST,246.8,87,0,"Holiday Eagan, MN",45.67,13.843,
2023/01/09 8:37:14 AM CST,272.5,87,10,Hyvee west ames,40.16,15.393,.59 fuel saver
2023/01/18 3:01:43 PM CST,263.1,87,10,Costco Poco,47.09,16.356,
2023/01/27 4:07:05 PM CST,255.2,87,10,West hyvee,46.24,16.02,
2023/02/19 5:15:20 PM CST,244.2,87,10,K and go,49.56,15.032,
2023/03/03 9:17:53 AM CST,290.7,87,10,Phillips 66 north ames,58.38,17.697,
2023/03/13 7:46:44 AM CST,203.3,87,0,Casey’s Ames IA,47.85,12.433,
2023/03/13 1:06:38 PM CST,226,87,0,Holiday MN,39.28,11.555,
2023/03/15 11:02:37 AM CST,279.3,87,0,Holiday North Branch MN,42.72,12.569,
2023/03/15 2:45:28 PM CST,251.5,87,10,Casey’s Gilbert IA,44.3,13.428,
2023/03/25 10:23:34 AM CST,318,87,10,Hy-Vee downtown ames,40.85,17.316,
2023/04/11 6:58:19 AM CST,250.3,87,10,Hy-Vee Lincoln way ames,61.82,17.667,
2023/04/22 12:26:09 PM CST,302.8,87,10,Sam’s club ames,60.76,17.671,
2023/04/29 9:29:37 AM CST,265,87,10,Sam’s club ames,45.34,13.998,
2023/05/09 10:28:20 AM CST,247,87,10,Sam’s club ames,44.54,14.853,
2023/05/16 7:35:55 AM CST,263.9,87,10,West HyVee Ames,49.34,14.957,
2023/05/30 9:47:02 AM CST,294.7,87,10,Costco ankeny,56.49,17.939,
2023/06/05 8:03:03 AM CST,482.7,87,10,Sam’s Ames,38.55,11.83,"For mileage, need to subtract mileage from last time"
2023/06/13 9:18:09 AM CST,222.5,87,10,Sam’s Ames,43.41,13.119,
2023/06/20 3:22:39 PM CST,159.8,87,10,Costco Ankeny,28.1,9.466,
2023/06/27 8:38:36 AM CST,149.3,87,10,Costco Poco,31.54,9.56,
2023/07/01 10:48:45 AM CST,272.1,87,0,Holiday Owatonna MN,49.3,14.589,
2023/07/01 12:22:12 PM CST,93.3,87,0,Holiday Elk River MN,14.99,4.477,
2023/07/03 12:53:43 PM CST,233.5,87,0,Holiday Detroit Lakes MN,37.09,11.076,
2023/07/07 12:13:19 PM CST,250.5,87,0,Holiday St Cloud MN,36.05,11.268,
2023/07/07 2:10:27 PM CST,124.3,87,0,Holiday Owatonna MN,20.34,5.898,
2023/07/11 3:02:15 PM CST,169.5,87,10,Sam’s ames,27.7,8.852,
2023/07/12 1:40:47 PM CST,328.4,87,10,Pilot Clear lake iowa,43.49,13.183,
2023/07/24 11:21:44 AM CST,276.3,87,0,Casey’s Ames IA,59.47,14.687,
2023/07/24 3:41:13 PM CST,238,88,15,Loves Forest Lake MN,35.37,10.721,
2023/07/27 5:16:08 PM CST,326.3,87,10,Cat wood County Store Carlton MN,52.78,15.085,
2023/08/01 10:56:58 AM CST,295.5,87,0,Speedway Coon Rapids MN,51.34,13.879,MN Dept Commerce says “Repair within 30 days” on all 87 octane pumps
2023/08/04 5:40:05 AM CST,253.3,87,0,Hy-Vee Ames IA,54.08,12.434,
2023/08/04 2:40:44 PM CST,267.9,87,10,Casey’s Princeton IL,47.87,12.277,
2023/08/05 4:05:43 PM CST,250.2,87,0,Speedway Paw Paw MI,44.22,11.64,
2023/08/06 11:21:27 AM CST,222.8,87,10,BP Port Huron MI,37.14,9.777,
2023/08/12 8:12:36 AM CST,339.8,87,0,Casey’s Watervliet MI,58.58,14.649,
2023/08/12 9:34:26 AM CST,291.5,87,10,Shell Drumbo ON Canada,82.83,49.627,Canadian Dollars and Liters
2023/08/12 1:04:12 PM CST,276.5,88,15,BP Walcott IA ,45.33,12.254,
2023/08/15 5:35:05 PM CST,258.3,87,10,Costco Ankeny IA,45.93,12.87,
2023/08/19 9:14:38 AM CST,188.3,87,10,Costco ankeny,31.5,9.027,
2023/08/26 9:16:56 AM CST,443.7,87,10,Sams Club Ames IA,45.5,13.23,Odometer was not reset
2023/09/07 11:22:16 AM CST,238.7,87,10,Hy-Vee downtown ames,49.17,15.466,
2023/09/10 10:44:55 AM CST,314,87,10,Sam’s club ames,32.77,8.957,Prius
2023/09/18 2:09:43 PM CST,211.9,87,10,West Hy-Vee ames,50.55,13.307,
2023/09/28 9:14:47 AM CST,254.3,87,10,Costco ankeny,52,15.343,
2023/10/07 12:27:59 PM CST,204.5,87,10,Hyvee downtown,37.78,12.682,
2023/10/14 8:10:45 AM CST,334.2,87,10,HyVee downtown ,55.54,17.042,
2023/10/25 8:23:25 AM CST,244.7,87,10,Sam’s Ames,46.56,15.023,
2023/10/31 9:14:46 AM CST,115.7,87,10,Costco Ankeny,23.92,8.083,
2023/11/15 9:08:38 AM CST,238.4,87,10,Sam’s club ames,42.84,15.38,
2023/11/25 4:13:15 PM CST,344,87,10,Flying J Northfield MN,48.87,17.094,
2023/12/01 8:58:53 AM CST,265.5,87,10,Sam’s Club Ames,42.2,15.761,
2023/12/07 10:09:17 AM CST,214.9,87,10,Costco Ankeny,30.7,11.995,
2023/12/15 10:40:18 AM CST,139.3,87,10,Casey’s on grand northside,25.27,8.569,
2023/12/15 4:33:09 PM CST,253.3,87,10,Casey’s rock port IL,32.42,10.264,
2023/12/17 2:33:56 PM CST,213.5,87,10,Mobil oasis on tollway,334.38,11.314,
2023/12/17 4:36:55 PM CST,119.4,87,10,BP - Worlds largest truck stop,19.96,6.051,89
2023/12/19 9:02:41 AM CST,195.8,87,10,Kum & Go,26.1,8.849,
2023/12/19 11:37:40 AM CST,178,87,10,Hy-Vee Omaha NE,31.83,9.505,
2023/12/19 2:59:28 PM CST,221.2,87,0,Casey’s Cozad NE,41.52,12.399,Last fill was also 0% ethanol
2023/12/19 5:57:24 PM CST,220.1,87,10,Loves Brush CO,39.78,11.21,
2023/12/24 3:40:50 PM CST,251.6,87,10,Sinclair winter park,53.52,12.747,
2023/12/26 10:25:58 AM CST,169.3,87,0,Conoco new castle CO,24.66,7.452,
2023/12/26 3:04:38 PM CST,212,87,10,Exxon Moab UT,32.57,8.854,Last stop was a Kum & Go
2023/12/26 5:49:21 PM CST,174.1,87,10,Speedway Kayenta AZ,28.6,8.366,
2023/12/26 8:16:46 PM CST,144.8,87,10,Chevron Flagstaff AZ,21.81,6.417,
2023/12/30 3:05:45 PM CST,242.3,87,10,Costco Chandler AZ,30.19,9.588,
2024/01/01 10:28:10 AM CST,193.6,87,10,Maverick Holbrook AZ,28.29,8.844,
2024/01/01 2:52:31 PM CST,243.7,88,10,Phillips 66 Albuquerque NM,41.28,11.798,
2024/01/01 6:51:22 PM CST,267.6,88,10,Toot n Totum Dalhart TX,34.23,1.231,
2024/01/02 9:09:06 AM CST,246.9,87,0,Casey’s Pratt KS,33.16,9.902,
2024/01/02 11:35:39 AM CST,156.1,87,10,FlyingJ Emporia KS,19.87,7.645,
2024/01/02 2:29:00 PM CST,201.3,87,10,Kum&Go Bethany MO,23.13,8.571,
2024/01/10 2:15:14 PM CST,267,87,10,Sam’s club Ames,38.89,14.68,
2024/01/23 10:00:29 AM CST,213.9,87,10,Casey’s North Grand in Ames,47.38,16.343,
2024/01/29 10:05:39 AM CST,212.6,87,10,Costco Poco,28.7,12.539,
2024/02/10 10:03:19 AM CST,192.9,87,10,Sam’s Club Ames IA,34.35,12.497,
2024/02/24 5:04:58 PM CST,240.8,87,10,Costco Ankeny ,44.09,15.463,
2024/03/06 6:50:35 PM CST,242.4,87,10,Sam’s Club Ames,46.26,14.46,
2024/03/16 8:53:39 AM CST,293.7,87,10,Costco Ankeny IA,43.36,14.505,
2024/03/23 8:23:02 PM CST,265.9,87,10,Kum & Go Ames IA,47.15,14.512,
2024/03/28 4:29:55 PM CST,311.6,87,10,Hy-vee west ames,54.26,16.701,
2024/04/11 2:58:01 PM CST,312.5,87,10,Hy-Vee west ames,55.6,17.113,
2024/04/20 12:43:34 PM CST,183.8,87,10,Sam’s ames,34.8,10.948,
2024/05/01 9:11:45 AM CST,199,87,10,Costco ankeny,37.21,22.747,
2024/05/10 5:16:31 PM CST,276.9,87,10,HyVee West Ames,50.57,15.66,
2024/05/22 9:30:57 AM CST,298.4,87,10,Costco Ankeny,50.01,16.667,
2024/06/03 8:34:29 AM CST,299.7,87,10,Hy-Vee downtown,57.34,17.223,
2024/06/19 9:24:00 AM CST,297.7,87,10,Sam’s Club Ames,47.1,15.199,
2024/07/01 11:51:19 AM CST,262.6,87,0,Petro Albert Lea,47.28,14.333,
2024/07/01 2:12:25 PM CST,146.9,87,10,Holiday Clearwater MN,20.92,60.65,
2024/07/04 3:51:11 PM CST,265.3,87,10,Casey’s Detroit Lakes MN,42.26,12.506,
2024/07/07 11:14:03 AM CST,174.5,88,15,Love’s St. Cloud MN,19.29,6.226,
2024/07/07 1:25:35 PM CST,116.2,87,10,Kwik Trip Faribault MN,16.87,5.192,
2024/07/13 6:34:40 AM CST,333.1,87,10,Costco Ankeny IA,53.53,18.151,
2024/07/23 3:57:43 PM CST,244.7,87,10,Costco Ankeny,48.81,15.751,
2024/07/27 6:45:58 PM CST,204.2,87,10,Sam’s Club Waterloo IA,31.16,9.834,
2024/07/28 11:14:14 AM CST,188.5,87,0,Speedway Inver Grove Heights MN,22.32,6.704,
2024/08/05 2:13:51 PM CST,300.7,87,10,Costco Duluth MN,43.76,14.447,
2024/08/07 3:20:08 PM CST,258.1,87,10,Circle K,33.93,10.315,
2024/08/18 10:11:21 AM CST,271.1,87,10,Sam’s club ames,51.05,16.744,
2024/09/07 11:04:41 AM CST,251.3,87,10,Sam’s Ames,49.02,17.207,
2024/09/14 8:43:08 AM CST,202.1,87,10,Costco Ankeny IA,28.95,10.726,
2024/09/23 2:53:13 PM CST,315.4,87,10,Sam’s club ames,47.02,15.946,
2024/10/01 4:30:48 PM CST,328.9,87,10,Sam’s club Ames,50.54,17.433,
2024/10/07 8:11:25 AM CST,263.9,87,10,BP on 13th Ames ,39.55,12.763,
2024/10/13 8:28:03 AM CST,352.5,87,10,BP on 13th Ames,52.02,16.785,
2024/10/17 11:48:38 AM CST,272.1,87,10,Sam’s club Ames,38.58,13.785,
2024/10/18 5:13:35 PM CST,287.6,87,10,Quick Trip Lee Summit Missouri ,35.27,12.646,
2024/10/20 12:51:16 PM CST,345.2,87,10,Costco Ankeny,40.53,15.017,
2024/11/01 1:34:31 PM CST,239,87,10,Casey’s on Grand North Ames,42.63,14.216,
2024/11/19 6:45:06 PM CST,279.4,87,10,Costco Ankeny,36.6,15.784,
2024/11/25 3:26:15 PM CST,263.7,87,10,Sam’s club Ames,33.63,13.513,
2024/11/26 5:16:38 PM CST,203.7,87,0,Holiday Lakeville MN,24.25,8.366,
2024/11/29 4:34:23 PM CST,370.9,87,0,Minno-ette Fredenberg MN,51.71,18.023,
2024/12/01 4:00:56 PM CST,277.9,87,10,Circle K Owatonna MN,30.04,11.604,
2024/12/03 6:49:13 PM CST,500.4,87,10,Costco Ankeny,24.88,11.056,
2024/12/10 6:41:25 PM CST,168,87,10,Costco ankeny,22.69,9.999,
2024/12/17 12:47:13 PM CST,245,87,10,Sam’s club ames,33.53,13.976,
2025/01/05 5:47:26 PM CST,258.1,87,10,Sans club ames,35.55,13.892,
2025/01/21 8:36:21 AM CST,248.7,87,10,Sam’s club ames,45.17,16.797,
2025/02/01 3:28:48 PM CST,293.6,87,10,Costco Ankeny IA,45.37,17.259,
2025/02/09 9:58:56 AM CST,200.6,87,10,Sam’s Club Ames IA,29.38,10.925,
2025/02/23 12:57:54 PM CST,228.2,87,10,Costco Ankeny Ia,42.76,16.02,
2025/03/01 9:10:40 AM CST,257.4,87,10,Sam’s Club Ames IA,36.01,13.195,
2025/03/08 8:15:42 AM CST,265.1,87,10,Sam’s Club Ames IA,36.76,12.592,
2025/03/17 5:22:56 PM CST,238.4,87,10,Sam’s Club Ames,36.79,12.646,
2025/03/22 8:38:08 AM CST,158.7,87,10,Costco Ankeny IA,21,7.64,
2025/03/29 5:57:20 PM CST,323.6,87,0,Casey’s Ames IA,57.76,15.408,
2025/04/05 8:10:58 AM CST,237.5,87,10,Sam’s club ames,40.39,12.23,
2025/04/13 8:40:17 PM CST,364.4,87,10,Kim and go ankeny,43.25,15.847,
2025/04/26 4:50:01 PM CST,243.9,87,0,Casey’s Ames IA,65.41,17.925,Pulled a trailer to and from Des Moines
2025/05/03 1:50:51 PM CST,153.3,87,10,Costco Ankeny,22.71,8.416,
2025/05/10 4:35:36 PM CST,399.9,87,10,Costco Ankeny IA,46.96,17.793,
2025/05/18 8:26:45 AM CST,308.2,87,10,Sam’s Club Ames IA,49.16,16.393,
2025/05/20 7:02:11 PM CST,348,87,0,Minnoco Hinckley MN,51.16,15.992,
2025/05/24 11:53:57 AM CST,249.7,87,0,Holiday White Bear Lake MN,33.29,10.572,
2025/05/27 3:26:00 PM CST,302.1,87,10,Sam’s club ames,40.86,13.625,
2025/06/06 5:39:18 AM CST,278.6,87,10,Costco Ankeny IA,34.93,14.322,
2025/06/13 2:43:34 PM CST,251.7,87,10,Costco Ankeny IA,334.35,13.319,
2025/06/15 11:35:59 AM CST,382,87,,Holiday Alexandria MN,44.71,15.421,
2025/06/20 3:09:33 PM CST,337.4,87,,Casey’s MN,42.57,13.307,
2025/06/23 9:08:56 AM CST,174.1,87,10,Sam’s club Ames,30.4,10.205,
2025/06/30 1:07:58 PM CST,185.3,87,10,Costco Ankeny,29.4,10.502,
2025/07/10 4:08:19 PM CST,270.3,87,0,Casey’s Ames IA,63.34,17.453,
2025/07/13 5:46:08 PM CST,338.1,87,0,Holiday Vadnais Heights MN,39.47,12.944,
2025/08/04 9:30:39 AM CST,275.6,87,10,Sam’s club ames,37.52,12.47,
2025/08/08 1:04:35 PM CST,261,87,0,Holiday Vadnais Heights MN,30.6,10.204,
2025/08/13 11:07:00 AM CST,323.4,87,10,Costco Duluth ,40.33,14.832,
2025/08/14 8:19:03 PM CST,414.3,87,10,Sam’s club Ames IA,50.42,16.758,
2025/08/25 9:21:49 AM CST,106.2,87,10,Costco Ankeny,21.51,7.97,
2025/09/11 2:37:45 PM CST,173.3,87,10,BP ames,36.63,11.82,
2025/09/21 9:11:02 AM CST,336.5,87,10,Sam’s club ames,50.64,16.341,
2025/10/04 8:17:20 AM CST,114,87,10,Sam’s club Ames,22.59,7.794,
2025/10/17 10:02:49 AM CST,151.5,87,10,Sam’s club ames,26.92,9.975,
2025/10/23 9:50:56 AM CST,237.7,87,10,Sam’s club Ames,32.78,12.191,
2025/11/16 5:51:43 PM CST,231.5,87,10,BP Ames,46.22,16.054,
2025/12/01 10:08:34 AM CST,123.4,87,10,Sam’s club ames,20.57,7.677,